{
    "pages": [ //pages数组中第一项表示应用启动页,
        {
            "path": "pages/transaction/swap",
            "style": {}
        }, {
            "path": "pages/transaction/pool",
            "style": {}
        }, {
            "path": "pages/transaction/register",
            "style": {}
        } 
        ,{
            "path" : "pages/transaction/withdrawal",
            "style" : {
				"navigationBarTitleText": "Withdrawal Asset"
			}
        }
        ,{
            "path" : "pages/transaction/deposit",
            "style" : {
            	"navigationBarTitleText": "Deposit Asset"
            }
        }
    ],
	"tabBar": {
		"color": "#7A7E83",
		"selectedColor": "#131313",
		"borderStyle": "black",
		"backgroundColor": "#F8F8F8",
		"list": [{
				"pagePath": "pages/transaction/swap",
				"iconPath": "static/swap.png",
				"selectedIconPath": "static/swap_selected.png",
				"text": "swap"
			},
			{
				"pagePath": "pages/transaction/pool",
				"iconPath": "static/pool.png",
				"selectedIconPath": "static/pool_selected.png",
				"text": "pool"
			}
		]
	},
    "globalStyle": {
    	"navigationBarTextStyle": "black",
    	"navigationBarTitleText": "UniKiller",
    	"navigationBarBackgroundColor": "#F8F8F8",
    	"backgroundColor": "#F8F8F8"
    }
	
}
